candidate_id,req_id,apply_date,source,application_id
C3000,R2009,2025-09-29,Referral,A400000
C3001,R2044,2025-09-23,Referral,A400001
C3001,R2032,2025-12-13,LinkedIn,A400002
C3002,R2037,2025-12-06,LinkedIn,A400003
C3003,R2038,2025-08-21,Indeed,A400004
C3004,R2016,2025-11-08,Recruiter,A400005
C3005,R2039,2025-10-20,LinkedIn,A400006
C3006,R2028,2025-11-15,Referral,A400007
C3007,R2043,2025-10-16,Referral,A400008
C3007,R2024,2025-08-02,Company Website,A400009
C3008,R2001,2025-11-24,Recruiter,A400010
C3008,R2012,2025-10-22,Referral,A400011
C3009,R2030,2025-08-13,Recruiter,A400012
C3010,R2041,2025-07-30,Indeed,A400013
C3010,R2033,2025-07-30,Referral,A400014
C3011,R2009,2025-02-21,Referral,A400015
C3011,R2008,2025-04-22,Indeed,A400016
C3012,R2000,2025-08-27,Recruiter,A400017
C3013,R2042,2025-09-09,Company Website,A400018
C3014,R2006,2025-08-17,Recruiter,A400019
C3015,R2017,2025-06-03,Referral,A400020
C3016,R2022,2025-08-15,Indeed,A400021
C3016,R2038,2025-11-09,Referral,A400022
C3017,R2015,2025-08-14,Company Website,A400023
C3018,R2032,2025-12-16,Company Website,A400024
C3018,R2006,2025-09-30,LinkedIn,A400025
C3019,R2044,2025-06-16,Company Website,A400026
C3020,R2030,2025-12-10,Recruiter,A400027
C3021,R2011,2025-10-08,Company Website,A400028
C3021,R2028,2025-09-12,Indeed,A400029
C3022,R2002,2025-09-19,Company Website,A400030
C3023,R2040,2025-08-31,Indeed,A400031
C3024,R2025,2025-08-12,Indeed,A400032
C3025,R2031,2025-11-10,Company Website,A400033
C3026,R2028,2025-12-08,Referral,A400034
C3027,R2024,2025-09-19,LinkedIn,A400035
C3027,R2010,2025-06-03,Referral,A400036
C3028,R2019,2025-10-23,Indeed,A400037
C3029,R2043,2025-07-31,Company Website,A400038
C3030,R2016,2025-07-31,Company Website,A400039
C3031,R2039,2025-11-29,Referral,A400040
C3032,R2003,2025-05-08,LinkedIn,A400041
C3032,R2036,2025-07-23,Company Website,A400042
C3033,R2033,2025-10-19,Indeed,A400043
C3034,R2007,2025-06-09,LinkedIn,A400044
C3035,R2010,2025-04-21,Indeed,A400045
C3035,R2035,2025-12-16,Recruiter,A400046
C3036,R2002,2025-05-02,Recruiter,A400047
C3037,R2042,2025-05-09,Recruiter,A400048
C3037,R2041,2025-08-03,LinkedIn,A400049
C3038,R2037,2025-12-03,Indeed,A400050
C3039,R2019,2025-09-04,Referral,A400051
C3040,R2001,2025-10-14,Recruiter,A400052
C3041,R2029,2025-04-03,Referral,A400053
C3041,R2002,2025-04-09,LinkedIn,A400054
C3042,R2038,2025-07-11,LinkedIn,A400055
C3043,R2029,2025-08-14,Referral,A400056
C3044,R2011,2025-11-26,Indeed,A400057
C3045,R2002,2025-03-17,LinkedIn,A400058
C3046,R2009,2025-07-28,LinkedIn,A400059
C3047,R2006,2025-12-02,Recruiter,A400060
C3047,R2031,2025-12-20,Recruiter,A400061
C3048,R2020,2025-08-16,Company Website,A400062
C3049,R2001,2025-11-11,Company Website,A400063
C3049,R2044,2025-06-02,Indeed,A400064
C3050,R2034,2025-08-02,Indeed,A400065
C3051,R2044,2025-07-08,Recruiter,A400066
C3052,R2020,2025-07-05,Referral,A400067
C3053,R2015,2025-09-03,Company Website,A400068
C3054,R2027,2025-02-06,Indeed,A400069
C3054,R2009,2025-03-24,Indeed,A400070
C3055,R2004,2025-05-31,Referral,A400071
C3055,R2021,2025-09-24,Company Website,A400072
C3056,R2040,2025-10-24,Recruiter,A400073
C3057,R2007,2025-12-21,Referral,A400074
C3058,R2035,2025-07-23,Company Website,A400075
C3059,R2001,2025-12-18,Indeed,A400076
C3059,R2006,2025-12-08,Recruiter,A400077
C3060,R2040,2025-09-30,LinkedIn,A400078
C3061,R2017,2025-03-11,LinkedIn,A400079
C3062,R2039,2025-12-04,LinkedIn,A400080
C3063,R2023,2025-08-29,Company Website,A400081
C3063,R2014,2025-05-26,Recruiter,A400082
C3064,R2043,2025-09-17,Recruiter,A400083
C3065,R2022,2025-08-23,Referral,A400084
C3066,R2033,2025-07-20,Indeed,A400085
C3066,R2018,2025-07-29,Indeed,A400086
C3067,R2017,2025-08-03,Referral,A400087
C3068,R2005,2025-10-02,Recruiter,A400088
C3069,R2030,2025-11-03,Recruiter,A400089
C3070,R2020,2025-10-07,Indeed,A400090
C3071,R2034,2025-08-02,LinkedIn,A400091
C3072,R2003,2025-10-10,Indeed,A400092
C3072,R2030,2025-05-22,Recruiter,A400093
C3073,R2041,2025-11-05,Company Website,A400094
C3074,R2000,2025-08-10,LinkedIn,A400095
C3075,R2012,2025-11-02,Company Website,A400096
C3076,R2025,2025-10-22,Recruiter,A400097
C3076,R2010,2025-11-30,LinkedIn,A400098
C3077,R2036,2025-06-15,Indeed,A400099
C3077,R2018,2025-06-25,LinkedIn,A400100
C3078,R2040,2025-05-01,Recruiter,A400101
C3079,R2033,2025-09-30,Company Website,A400102
C3079,R2015,2025-11-18,Referral,A400103
C3080,R2019,2025-08-17,Referral,A400104
C3081,R2001,2025-11-19,Company Website,A400105
C3082,R2000,2025-08-24,Recruiter,A400106
C3082,R2025,2025-09-26,LinkedIn,A400107
C3083,R2006,2025-11-17,Company Website,A400108
C3084,R2032,2025-11-09,Recruiter,A400109
C3084,R2039,2025-09-01,LinkedIn,A400110
C3085,R2027,2025-12-11,Company Website,A400111
C3085,R2023,2025-08-24,Recruiter,A400112
C3086,R2043,2025-08-11,Referral,A400113
C3087,R2017,2025-04-22,Recruiter,A400114
C3087,R2001,2025-10-20,Indeed,A400115
C3088,R2034,2025-12-01,Referral,A400116
C3089,R2026,2025-06-30,LinkedIn,A400117
C3090,R2044,2025-07-02,Recruiter,A400118
C3091,R2040,2025-08-28,Recruiter,A400119
C3092,R2028,2025-09-08,Indeed,A400120
C3093,R2006,2025-09-14,Company Website,A400121
C3094,R2003,2025-07-30,Indeed,A400122
C3095,R2015,2025-10-08,Recruiter,A400123
C3096,R2022,2025-10-10,Indeed,A400124
C3097,R2038,2025-08-26,Referral,A400125
C3098,R2035,2025-06-09,LinkedIn,A400126
C3099,R2017,2025-02-08,LinkedIn,A400127
C3099,R2029,2025-04-07,Company Website,A400128
C3100,R2028,2025-08-21,LinkedIn,A400129
C3101,R2021,2025-08-25,Indeed,A400130
C3102,R2022,2025-11-03,Company Website,A400131
C3103,R2002,2025-06-27,Referral,A400132
C3104,R2017,2025-09-22,Company Website,A400133
C3104,R2024,2025-08-22,Company Website,A400134
C3105,R2006,2025-07-24,Recruiter,A400135
C3106,R2009,2025-11-19,Referral,A400136
C3107,R2007,2025-12-07,LinkedIn,A400137
C3108,R2042,2025-09-24,Referral,A400138
C3108,R2027,2025-09-09,Referral,A400139
C3109,R2015,2025-08-20,LinkedIn,A400140
C3110,R2030,2025-09-29,LinkedIn,A400141
C3111,R2012,2025-12-10,Referral,A400142
C3111,R2008,2025-05-07,Recruiter,A400143
C3112,R2034,2025-09-13,Recruiter,A400144
C3113,R2002,2025-09-19,Indeed,A400145
C3114,R2027,2025-10-21,LinkedIn,A400146
C3115,R2030,2025-06-18,Indeed,A400147
C3116,R2023,2025-08-06,Recruiter,A400148
C3117,R2018,2025-12-07,Referral,A400149
C3118,R2013,2025-10-26,Company Website,A400150
C3119,R2003,2025-10-10,Company Website,A400151
C3120,R2041,2025-10-22,Recruiter,A400152
C3121,R2007,2025-08-29,Indeed,A400153
C3122,R2032,2025-10-21,Recruiter,A400154
C3123,R2040,2025-04-14,Company Website,A400155
C3124,R2032,2025-11-20,Indeed,A400156
C3125,R2038,2025-12-19,LinkedIn,A400157
C3126,R2022,2025-02-10,Company Website,A400158
C3127,R2005,2025-08-11,Referral,A400159
C3128,R2023,2025-07-23,Referral,A400160
C3129,R2000,2025-09-18,Recruiter,A400161
C3130,R2003,2025-07-01,LinkedIn,A400162
C3130,R2016,2025-08-01,LinkedIn,A400163
C3131,R2026,2025-05-09,Indeed,A400164
C3132,R2040,2025-06-08,Referral,A400165
C3133,R2001,2025-11-22,Recruiter,A400166
C3134,R2040,2025-04-24,Indeed,A400167
C3135,R2031,2025-11-20,Recruiter,A400168
C3135,R2006,2025-11-28,Recruiter,A400169
C3136,R2036,2025-07-20,Recruiter,A400170
C3137,R2025,2025-10-24,Company Website,A400171
C3138,R2014,2025-10-08,Recruiter,A400172
C3138,R2041,2025-07-16,Recruiter,A400173
C3139,R2001,2025-11-14,Company Website,A400174
C3140,R2044,2025-07-01,Referral,A400175
C3141,R2023,2025-10-08,Indeed,A400176
C3141,R2011,2025-11-15,LinkedIn,A400177
C3142,R2007,2025-11-11,LinkedIn,A400178
C3143,R2009,2025-07-19,Company Website,A400179
C3144,R2014,2025-10-15,Company Website,A400180
C3144,R2015,2025-11-15,Referral,A400181
C3145,R2021,2025-09-30,LinkedIn,A400182
C3146,R2004,2025-04-08,Recruiter,A400183
C3147,R2000,2025-07-07,Indeed,A400184
C3148,R2012,2025-11-06,Indeed,A400185
C3149,R2000,2025-07-10,Company Website,A400186
C3150,R2021,2025-12-21,Recruiter,A400187
C3150,R2009,2025-11-16,Company Website,A400188
C3151,R2003,2025-09-05,LinkedIn,A400189
C3151,R2011,2025-12-19,Recruiter,A400190
C3152,R2026,2025-11-30,Referral,A400191
C3153,R2000,2025-12-09,Company Website,A400192
C3154,R2010,2025-06-17,Recruiter,A400193
C3155,R2004,2025-08-13,LinkedIn,A400194
C3156,R2022,2025-11-23,Company Website,A400195
C3157,R2043,2025-11-27,Recruiter,A400196
C3157,R2037,2025-12-20,Recruiter,A400197
C3158,R2031,2025-11-22,Indeed,A400198
C3159,R2036,2025-08-31,Referral,A400199
C3160,R2006,2025-10-18,Recruiter,A400200
C3161,R2002,2025-11-30,Referral,A400201
C3162,R2022,2025-04-29,Indeed,A400202
C3163,R2043,2025-09-11,Referral,A400203
C3164,R2034,2025-11-20,Referral,A400204
C3165,R2039,2025-07-17,Referral,A400205
C3165,R2006,2025-09-24,Indeed,A400206
C3166,R2042,2025-04-22,Company Website,A400207
C3167,R2011,2025-12-17,Referral,A400208
C3167,R2007,2025-05-19,Company Website,A400209
C3168,R2018,2025-07-11,Referral,A400210
C3169,R2028,2025-10-05,LinkedIn,A400211
C3170,R2035,2025-09-26,LinkedIn,A400212
C3171,R2044,2025-09-12,Indeed,A400213
C3172,R2041,2025-08-06,Recruiter,A400214
C3172,R2000,2025-09-18,Company Website,A400215
C3173,R2001,2025-10-18,Referral,A400216
C3174,R2013,2025-09-02,Indeed,A400217
C3175,R2007,2025-07-21,Recruiter,A400218
C3176,R2030,2025-09-03,Company Website,A400219
C3177,R2006,2025-10-10,Indeed,A400220
C3178,R2003,2025-05-25,Referral,A400221
C3179,R2004,2025-10-27,Indeed,A400222
C3179,R2040,2025-08-29,Company Website,A400223
C3180,R2009,2025-09-30,Referral,A400224
C3181,R2004,2025-08-15,LinkedIn,A400225
C3181,R2032,2025-12-21,Indeed,A400226
C3182,R2005,2025-07-29,Company Website,A400227
C3183,R2012,2025-11-16,Referral,A400228
C3184,R2041,2025-09-06,Company Website,A400229
C3185,R2044,2025-06-29,Recruiter,A400230
C3186,R2027,2025-05-10,LinkedIn,A400231
C3187,R2007,2025-08-16,LinkedIn,A400232
C3187,R2009,2025-04-09,Indeed,A400233
C3188,R2021,2025-09-07,LinkedIn,A400234
C3188,R2017,2025-09-02,Referral,A400235
C3189,R2015,2025-08-25,Referral,A400236
C3190,R2006,2025-09-24,Referral,A400237
C3191,R2026,2025-09-29,LinkedIn,A400238
C3192,R2003,2025-08-20,LinkedIn,A400239
C3193,R2013,2025-11-28,Indeed,A400240
C3194,R2041,2025-07-19,Referral,A400241
C3195,R2023,2025-10-16,Indeed,A400242
C3196,R2035,2025-05-23,Indeed,A400243
C3197,R2031,2025-12-19,LinkedIn,A400244
C3198,R2031,2025-12-18,Recruiter,A400245
C3199,R2005,2025-10-06,Referral,A400246
C3200,R2031,2025-10-28,Recruiter,A400247
C3201,R2003,2025-05-01,Company Website,A400248
C3202,R2011,2025-12-02,LinkedIn,A400249
C3203,R2010,2025-05-26,Referral,A400250
C3204,R2042,2025-11-21,Indeed,A400251
C3204,R2036,2025-08-24,Recruiter,A400252
C3205,R2036,2025-10-22,Recruiter,A400253
C3206,R2040,2025-06-22,Company Website,A400254
C3207,R2004,2025-11-24,Recruiter,A400255
C3208,R2000,2025-08-08,Indeed,A400256
C3209,R2015,2025-11-28,Indeed,A400257
C3210,R2017,2025-08-11,Recruiter,A400258
C3210,R2019,2025-12-09,Company Website,A400259
C3211,R2005,2025-11-13,Company Website,A400260
C3211,R2043,2025-07-01,Referral,A400261
C3212,R2041,2025-10-20,Referral,A400262
C3213,R2043,2025-08-10,Recruiter,A400263
C3214,R2027,2025-07-17,LinkedIn,A400264
C3215,R2020,2025-11-29,Company Website,A400265
C3216,R2011,2025-10-21,Recruiter,A400266
C3216,R2021,2025-11-06,Company Website,A400267
C3217,R2016,2025-07-04,LinkedIn,A400268
C3218,R2035,2025-09-26,Company Website,A400269
C3218,R2013,2025-12-15,Company Website,A400270
C3219,R2033,2025-10-05,LinkedIn,A400271
C3220,R2035,2025-11-19,Company Website,A400272
C3221,R2030,2025-07-06,Indeed,A400273
C3221,R2004,2025-12-04,LinkedIn,A400274
C3222,R2020,2025-10-27,Indeed,A400275
C3223,R2040,2025-09-15,Company Website,A400276
C3224,R2023,2025-11-15,Recruiter,A400277
C3225,R2007,2025-08-06,Referral,A400278
C3226,R2014,2025-11-04,Recruiter,A400279
C3226,R2040,2025-10-29,Company Website,A400280
C3227,R2021,2025-07-31,Company Website,A400281
C3227,R2017,2025-10-23,Company Website,A400282
C3228,R2008,2025-08-09,Indeed,A400283
C3229,R2022,2025-05-22,Recruiter,A400284
C3230,R2040,2025-08-21,Indeed,A400285
C3231,R2041,2025-10-14,Company Website,A400286
C3232,R2021,2025-10-17,LinkedIn,A400287
C3233,R2019,2025-09-22,Company Website,A400288
C3234,R2009,2025-04-10,Indeed,A400289
C3235,R2041,2025-10-29,LinkedIn,A400290
C3235,R2025,2025-08-17,Indeed,A400291
C3236,R2017,2025-10-13,Indeed,A400292
C3237,R2030,2025-04-13,Indeed,A400293
C3238,R2003,2025-04-19,LinkedIn,A400294
C3239,R2029,2025-10-17,Company Website,A400295
C3240,R2026,2025-08-08,Indeed,A400296
C3241,R2037,2025-12-18,Company Website,A400297
C3242,R2027,2025-02-11,Company Website,A400298
C3243,R2020,2025-10-03,Company Website,A400299
C3244,R2033,2025-06-01,Company Website,A400300
C3245,R2015,2025-09-23,Company Website,A400301
C3245,R2041,2025-09-06,Indeed,A400302
C3246,R2007,2025-09-22,Referral,A400303
C3247,R2003,2025-06-01,Referral,A400304
C3248,R2029,2025-06-12,LinkedIn,A400305
C3248,R2001,2025-11-27,Company Website,A400306
C3249,R2029,2025-07-28,LinkedIn,A400307
C3249,R2037,2025-12-09,LinkedIn,A400308
C3250,R2009,2025-05-03,Referral,A400309
C3250,R2043,2025-09-24,Referral,A400310
C3251,R2016,2025-12-07,Company Website,A400311
C3252,R2040,2025-05-09,LinkedIn,A400312
C3253,R2039,2025-12-04,Company Website,A400313
C3254,R2040,2025-09-14,LinkedIn,A400314
C3255,R2017,2025-08-19,Company Website,A400315
C3256,R2043,2025-08-05,Company Website,A400316
C3257,R2008,2025-06-23,Referral,A400317
C3258,R2035,2025-09-13,Indeed,A400318
C3259,R2022,2025-09-21,Indeed,A400319
C3260,R2035,2025-10-25,Referral,A400320
C3261,R2044,2025-11-12,Company Website,A400321
C3261,R2037,2025-12-04,Recruiter,A400322
C3262,R2028,2025-12-21,LinkedIn,A400323
C3263,R2023,2025-08-23,Referral,A400324
C3264,R2006,2025-10-19,Indeed,A400325
C3264,R2017,2025-02-18,Indeed,A400326
C3265,R2041,2025-08-26,LinkedIn,A400327
C3265,R2028,2025-12-21,Company Website,A400328
C3266,R2039,2025-11-27,Recruiter,A400329
C3267,R2018,2025-12-18,Company Website,A400330
C3268,R2039,2025-08-03,LinkedIn,A400331
C3268,R2014,2025-12-06,Company Website,A400332
C3269,R2015,2025-10-03,Referral,A400333
C3270,R2003,2025-10-22,Recruiter,A400334
C3270,R2004,2025-06-17,Company Website,A400335
C3271,R2038,2025-12-20,Company Website,A400336
C3272,R2010,2025-12-04,Company Website,A400337
C3273,R2027,2025-05-17,LinkedIn,A400338
C3274,R2044,2025-08-22,Recruiter,A400339
C3275,R2001,2025-10-26,Recruiter,A400340
C3275,R2035,2025-07-12,Referral,A400341
C3276,R2013,2025-10-21,Recruiter,A400342
C3277,R2018,2025-06-20,LinkedIn,A400343
C3277,R2037,2025-12-18,Company Website,A400344
C3278,R2036,2025-08-25,Referral,A400345
C3278,R2028,2025-10-07,LinkedIn,A400346
C3279,R2044,2025-06-12,Referral,A400347
C3280,R2019,2025-06-09,Indeed,A400348
C3281,R2014,2025-05-19,Referral,A400349
C3282,R2019,2025-08-12,Company Website,A400350
C3283,R2007,2025-07-22,Recruiter,A400351
C3284,R2000,2025-06-05,Indeed,A400352
C3284,R2005,2025-04-14,Referral,A400353
C3285,R2018,2025-05-02,Referral,A400354
C3286,R2001,2025-11-10,LinkedIn,A400355
C3287,R2006,2025-07-24,Referral,A400356
C3288,R2018,2025-05-08,Company Website,A400357
C3289,R2021,2025-10-18,LinkedIn,A400358
C3289,R2005,2025-05-17,LinkedIn,A400359
C3290,R2035,2025-06-09,Indeed,A400360
C3291,R2009,2025-02-21,LinkedIn,A400361
C3291,R2031,2025-11-07,Referral,A400362
C3292,R2004,2025-06-11,LinkedIn,A400363
C3292,R2014,2025-10-05,LinkedIn,A400364
C3293,R2002,2025-05-12,Recruiter,A400365
C3294,R2001,2025-12-10,Recruiter,A400366
C3294,R2039,2025-06-24,Referral,A400367
C3295,R2002,2025-11-27,Company Website,A400368
C3296,R2004,2025-10-30,Referral,A400369
C3297,R2029,2025-10-30,Recruiter,A400370
C3298,R2033,2025-07-26,Company Website,A400371
C3298,R2024,2025-03-22,Recruiter,A400372
C3299,R2039,2025-11-29,Referral,A400373
C3300,R2041,2025-11-25,Indeed,A400374
C3301,R2015,2025-10-24,Company Website,A400375
C3302,R2034,2025-09-26,Indeed,A400376
C3302,R2014,2025-10-13,Company Website,A400377
C3303,R2012,2025-11-12,Recruiter,A400378
C3303,R2043,2025-08-16,Company Website,A400379
C3304,R2005,2025-11-05,Recruiter,A400380
C3305,R2008,2025-07-30,Indeed,A400381
C3305,R2006,2025-12-03,Indeed,A400382
C3306,R2017,2025-09-20,Indeed,A400383
C3307,R2025,2025-08-05,Indeed,A400384
C3308,R2002,2025-06-07,Recruiter,A400385
C3309,R2024,2025-12-07,LinkedIn,A400386
C3310,R2009,2025-07-06,Indeed,A400387
C3311,R2017,2025-02-24,Referral,A400388
C3312,R2020,2025-11-24,Recruiter,A400389
C3313,R2034,2025-10-12,Referral,A400390
C3314,R2029,2025-06-13,Company Website,A400391
C3314,R2043,2025-10-13,Company Website,A400392
C3315,R2016,2025-08-24,Referral,A400393
C3316,R2037,2025-12-02,LinkedIn,A400394
C3317,R2033,2025-07-13,Recruiter,A400395
C3318,R2024,2025-04-08,Indeed,A400396
C3319,R2009,2025-09-16,Referral,A400397
C3320,R2007,2025-09-07,Company Website,A400398
C3321,R2006,2025-12-13,Referral,A400399
C3322,R2040,2025-07-19,Referral,A400400
C3323,R2009,2025-11-05,Company Website,A400401
C3324,R2030,2025-07-06,Indeed,A400402
C3325,R2031,2025-11-12,LinkedIn,A400403
C3326,R2036,2025-07-04,Indeed,A400404
C3326,R2032,2025-11-10,Indeed,A400405
C3327,R2035,2025-11-19,LinkedIn,A400406
C3327,R2033,2025-05-22,LinkedIn,A400407
C3328,R2041,2025-08-09,Indeed,A400408
C3329,R2034,2025-08-18,Recruiter,A400409
C3330,R2039,2025-06-22,Company Website,A400410
C3331,R2031,2025-12-19,LinkedIn,A400411
C3332,R2008,2025-08-26,LinkedIn,A400412
C3333,R2033,2025-07-18,LinkedIn,A400413
C3333,R2029,2025-06-13,Referral,A400414
C3334,R2013,2025-10-21,Recruiter,A400415
C3334,R2043,2025-06-13,Company Website,A400416
C3335,R2040,2025-11-15,Recruiter,A400417
C3335,R2039,2025-07-09,Recruiter,A400418
C3336,R2010,2025-10-16,LinkedIn,A400419
C3337,R2024,2025-03-25,Company Website,A400420
C3338,R2037,2025-11-21,Company Website,A400421
C3339,R2006,2025-09-22,Indeed,A400422
C3340,R2036,2025-08-28,Recruiter,A400423
C3341,R2010,2025-09-02,Company Website,A400424
C3341,R2022,2025-04-06,LinkedIn,A400425
C3342,R2040,2025-08-23,Indeed,A400426
C3343,R2005,2025-11-08,LinkedIn,A400427
C3343,R2044,2025-08-02,Referral,A400428
C3344,R2042,2025-11-04,Company Website,A400429
C3345,R2029,2025-03-31,Company Website,A400430
C3346,R2025,2025-11-02,Indeed,A400431
C3347,R2024,2025-09-07,Referral,A400432
C3348,R2028,2025-12-12,Recruiter,A400433
C3349,R2019,2025-06-14,LinkedIn,A400434
C3349,R2044,2025-10-27,Indeed,A400435
C3350,R2028,2025-09-22,Company Website,A400436
C3351,R2022,2025-03-24,Recruiter,A400437
C3352,R2007,2025-05-18,Referral,A400438
C3353,R2039,2025-10-18,LinkedIn,A400439
C3354,R2018,2025-07-07,Recruiter,A400440
C3355,R2034,2025-11-11,Referral,A400441
C3356,R2023,2025-05-09,LinkedIn,A400442
C3357,R2015,2025-08-07,Indeed,A400443
C3358,R2031,2025-11-04,Recruiter,A400444
C3359,R2009,2025-09-25,LinkedIn,A400445
C3360,R2003,2025-02-18,Recruiter,A400446
C3360,R2008,2025-10-23,Company Website,A400447
C3361,R2011,2025-11-12,Recruiter,A400448
C3361,R2006,2025-10-19,Company Website,A400449
C3362,R2041,2025-10-31,LinkedIn,A400450
C3363,R2020,2025-09-18,Indeed,A400451
C3364,R2024,2025-03-10,Referral,A400452
C3365,R2032,2025-12-20,Company Website,A400453
C3366,R2000,2025-11-13,Indeed,A400454
C3367,R2009,2025-03-06,Referral,A400455
C3368,R2040,2025-05-29,Referral,A400456
C3369,R2028,2025-08-06,LinkedIn,A400457
C3370,R2000,2025-09-10,Indeed,A400458
C3370,R2008,2025-11-24,LinkedIn,A400459
C3371,R2040,2025-06-06,Company Website,A400460
C3372,R2013,2025-09-03,LinkedIn,A400461
C3373,R2020,2025-11-26,Indeed,A400462
C3374,R2003,2025-07-27,Recruiter,A400463
C3375,R2008,2025-10-06,Company Website,A400464
C3376,R2041,2025-07-03,Recruiter,A400465
C3376,R2000,2025-09-06,Referral,A400466
C3377,R2007,2025-12-09,LinkedIn,A400467
C3378,R2015,2025-07-27,Indeed,A400468
C3379,R2008,2025-11-05,Indeed,A400469
C3380,R2011,2025-10-04,Recruiter,A400470
C3381,R2006,2025-08-09,Indeed,A400471
C3382,R2008,2025-09-20,Referral,A400472
C3383,R2019,2025-08-18,Recruiter,A400473
C3383,R2031,2025-11-20,LinkedIn,A400474
C3384,R2030,2025-10-20,Indeed,A400475
C3385,R2022,2025-02-27,Company Website,A400476
C3386,R2039,2025-11-01,Recruiter,A400477
C3386,R2019,2025-06-12,Indeed,A400478
C3387,R2030,2025-08-12,Company Website,A400479
C3388,R2011,2025-11-15,Indeed,A400480
C3389,R2020,2025-06-22,LinkedIn,A400481
C3389,R2010,2025-10-25,Referral,A400482
C3390,R2001,2025-12-15,LinkedIn,A400483
C3391,R2036,2025-04-26,LinkedIn,A400484
C3392,R2040,2025-05-28,Referral,A400485
C3392,R2005,2025-05-20,Recruiter,A400486
C3393,R2006,2025-08-27,Referral,A400487
C3394,R2016,2025-10-05,Company Website,A400488
C3395,R2016,2025-08-04,Referral,A400489
C3396,R2026,2025-08-07,Company Website,A400490
C3397,R2034,2025-11-09,LinkedIn,A400491
C3398,R2030,2025-12-03,Indeed,A400492
C3399,R2044,2025-12-13,Company Website,A400493
C3400,R2010,2025-04-18,Referral,A400494
C3400,R2038,2025-03-02,Recruiter,A400495
C3401,R2030,2025-09-27,LinkedIn,A400496
C3401,R2033,2025-03-09,Recruiter,A400497
C3402,R2010,2025-07-14,Recruiter,A400498
C3403,R2021,2025-08-19,Referral,A400499
C3404,R2032,2025-12-08,LinkedIn,A400500
C3405,R2037,2025-11-21,Recruiter,A400501
C3406,R2005,2025-08-25,Company Website,A400502
C3407,R2013,2025-09-27,Recruiter,A400503
C3408,R2033,2025-08-11,Indeed,A400504
C3409,R2011,2025-11-22,Recruiter,A400505
C3410,R2024,2025-02-24,Company Website,A400506
C3411,R2039,2025-08-29,Company Website,A400507
C3412,R2033,2025-09-13,Referral,A400508
C3413,R2032,2025-12-10,LinkedIn,A400509
C3413,R2040,2025-05-06,Indeed,A400510
C3414,R2041,2025-05-28,Indeed,A400511
C3415,R2018,2025-09-27,Referral,A400512
C3415,R2007,2025-12-14,Recruiter,A400513
C3416,R2026,2025-06-28,Recruiter,A400514
C3417,R2027,2025-08-17,Indeed,A400515
C3418,R2023,2025-10-23,Indeed,A400516
C3419,R2018,2025-06-09,Company Website,A400517
C3420,R2043,2025-08-13,LinkedIn,A400518
C3420,R2035,2025-11-02,Referral,A400519
C3421,R2018,2025-10-07,LinkedIn,A400520
C3422,R2041,2025-12-20,Referral,A400521
C3423,R2005,2025-04-19,Company Website,A400522
C3424,R2010,2025-12-15,Referral,A400523
C3424,R2031,2025-11-05,Recruiter,A400524
C3425,R2033,2025-04-07,Company Website,A400525
C3426,R2039,2025-09-04,Recruiter,A400526
C3426,R2041,2025-08-28,Indeed,A400527
C3427,R2037,2025-11-24,Referral,A400528
C3427,R2040,2025-04-26,Company Website,A400529
C3428,R2008,2025-04-18,Company Website,A400530
C3429,R2000,2025-08-16,Indeed,A400531
C3430,R2022,2025-12-20,Company Website,A400532
C3431,R2026,2025-05-28,Indeed,A400533
C3432,R2008,2025-08-28,Indeed,A400534
C3433,R2037,2025-11-14,Indeed,A400535
C3434,R2017,2025-09-02,Indeed,A400536
C3434,R2023,2025-11-12,Recruiter,A400537
C3435,R2011,2025-11-06,Recruiter,A400538
C3436,R2000,2025-09-23,LinkedIn,A400539
C3437,R2016,2025-11-15,Indeed,A400540
C3438,R2016,2025-06-24,LinkedIn,A400541
C3439,R2022,2025-11-11,Company Website,A400542
C3440,R2040,2025-05-28,Indeed,A400543
C3441,R2036,2025-07-29,Referral,A400544
C3442,R2014,2025-12-10,LinkedIn,A400545
C3443,R2040,2025-05-20,LinkedIn,A400546
C3444,R2000,2025-07-25,Referral,A400547
C3445,R2007,2025-07-03,LinkedIn,A400548
C3446,R2029,2025-12-10,Recruiter,A400549
C3447,R2043,2025-09-30,Referral,A400550
C3448,R2007,2025-09-27,Indeed,A400551
C3449,R2004,2025-04-07,Company Website,A400552
C3449,R2042,2025-10-03,Recruiter,A400553
C3450,R2029,2025-04-06,LinkedIn,A400554
C3451,R2033,2025-08-26,Company Website,A400555
C3452,R2034,2025-11-25,Company Website,A400556
C3452,R2013,2025-09-30,Referral,A400557
C3453,R2000,2025-05-21,Indeed,A400558
C3453,R2037,2025-11-28,Company Website,A400559
C3454,R2031,2025-11-23,Indeed,A400560
C3454,R2020,2025-09-01,Company Website,A400561
C3455,R2042,2025-07-22,Recruiter,A400562
C3455,R2030,2025-11-01,LinkedIn,A400563
C3456,R2041,2025-07-18,Referral,A400564
C3457,R2002,2025-07-19,LinkedIn,A400565
C3458,R2026,2025-07-06,Referral,A400566
C3459,R2028,2025-09-12,Company Website,A400567
C3459,R2012,2025-12-04,Indeed,A400568
C3460,R2025,2025-11-26,Referral,A400569
C3460,R2044,2025-11-09,Referral,A400570
C3461,R2028,2025-12-18,LinkedIn,A400571
C3462,R2042,2025-04-21,Referral,A400572
C3463,R2033,2025-08-06,Indeed,A400573
C3463,R2005,2025-11-07,Indeed,A400574
C3464,R2025,2025-11-21,Referral,A400575
C3465,R2026,2025-06-08,Indeed,A400576
C3465,R2007,2025-11-11,LinkedIn,A400577
C3466,R2028,2025-08-18,LinkedIn,A400578
C3466,R2008,2025-06-24,Indeed,A400579
C3467,R2008,2025-11-17,Indeed,A400580
C3467,R2003,2025-03-09,LinkedIn,A400581
C3468,R2038,2025-08-30,Indeed,A400582
C3469,R2017,2025-06-11,Referral,A400583
C3470,R2036,2025-04-05,Indeed,A400584
C3471,R2020,2025-12-16,Company Website,A400585
C3471,R2030,2025-12-19,Referral,A400586
C3472,R2015,2025-08-02,Indeed,A400587
C3473,R2019,2025-10-06,Indeed,A400588
C3474,R2001,2025-12-13,Recruiter,A400589
C3475,R2005,2025-10-11,Indeed,A400590
C3476,R2042,2025-05-27,Company Website,A400591
C3477,R2028,2025-11-29,Indeed,A400592
C3477,R2011,2025-12-21,Indeed,A400593
C3478,R2027,2025-06-23,Recruiter,A400594
C3478,R2025,2025-08-14,Company Website,A400595
C3479,R2003,2025-06-27,Company Website,A400596
C3480,R2019,2025-08-10,Indeed,A400597
C3481,R2033,2025-10-17,Company Website,A400598
C3482,R2023,2025-10-16,Recruiter,A400599
C3483,R2001,2025-11-11,LinkedIn,A400600
C3483,R2028,2025-12-11,Indeed,A400601
C3484,R2036,2025-12-02,Referral,A400602
C3485,R2010,2025-06-24,Referral,A400603
C3486,R2022,2025-06-06,Recruiter,A400604
C3487,R2016,2025-09-15,Referral,A400605
C3488,R2012,2025-12-20,Referral,A400606
C3488,R2037,2025-11-12,LinkedIn,A400607
C3489,R2011,2025-10-11,Referral,A400608
C3490,R2011,2025-10-06,LinkedIn,A400609
C3491,R2021,2025-10-20,Referral,A400610
C3492,R2033,2025-09-03,Referral,A400611
C3492,R2018,2025-09-08,Indeed,A400612
C3493,R2042,2025-04-15,Company Website,A400613
C3494,R2035,2025-07-25,Company Website,A400614
C3494,R2028,2025-10-01,Indeed,A400615
C3495,R2022,2025-03-31,Referral,A400616
C3496,R2004,2025-07-03,LinkedIn,A400617
C3497,R2035,2025-07-27,Recruiter,A400618
C3498,R2000,2025-11-27,Indeed,A400619
C3498,R2013,2025-12-07,Indeed,A400620
C3499,R2010,2025-04-21,Recruiter,A400621
C3500,R2005,2025-09-10,Company Website,A400622
C3501,R2032,2025-11-30,LinkedIn,A400623
C3501,R2018,2025-10-24,Recruiter,A400624
C3502,R2038,2025-08-03,LinkedIn,A400625
C3502,R2015,2025-12-12,Referral,A400626
C3503,R2029,2025-09-16,Indeed,A400627
C3504,R2019,2025-09-25,Recruiter,A400628
C3505,R2019,2025-06-02,LinkedIn,A400629
C3505,R2015,2025-11-28,Company Website,A400630
C3506,R2031,2025-11-26,LinkedIn,A400631
C3507,R2039,2025-08-08,Referral,A400632
C3508,R2001,2025-10-23,Company Website,A400633
C3509,R2033,2025-05-17,LinkedIn,A400634
C3509,R2031,2025-11-19,Referral,A400635
C3510,R2008,2025-12-21,Indeed,A400636
C3511,R2042,2025-05-01,LinkedIn,A400637
C3512,R2034,2025-10-03,LinkedIn,A400638
C3513,R2010,2025-12-11,Referral,A400639
C3514,R2037,2025-11-24,Recruiter,A400640
C3515,R2043,2025-10-24,LinkedIn,A400641
C3516,R2030,2025-05-18,Indeed,A400642
C3516,R2024,2025-10-26,Referral,A400643
C3517,R2017,2025-07-23,Recruiter,A400644
C3518,R2027,2025-04-07,Recruiter,A400645
C3519,R2010,2025-08-22,Recruiter,A400646
C3519,R2017,2025-11-03,LinkedIn,A400647
C3520,R2041,2025-06-19,Recruiter,A400648
C3520,R2015,2025-07-31,Referral,A400649
C3521,R2038,2025-10-01,Recruiter,A400650
C3522,R2007,2025-07-17,Indeed,A400651
C3523,R2000,2025-08-16,Recruiter,A400652
C3523,R2038,2025-11-06,Recruiter,A400653
C3524,R2018,2025-11-08,Indeed,A400654
C3525,R2044,2025-06-27,Company Website,A400655
C3526,R2015,2025-10-16,LinkedIn,A400656
C3526,R2040,2025-10-25,Recruiter,A400657
C3527,R2020,2025-11-15,Recruiter,A400658
C3528,R2007,2025-12-05,Recruiter,A400659
C3529,R2006,2025-11-05,Indeed,A400660
C3529,R2007,2025-11-27,Recruiter,A400661
C3530,R2039,2025-07-18,LinkedIn,A400662
C3531,R2005,2025-05-02,Referral,A400663
C3531,R2019,2025-10-09,Recruiter,A400664
C3532,R2026,2025-09-07,LinkedIn,A400665
C3533,R2022,2025-07-27,Recruiter,A400666
C3533,R2032,2025-11-30,Indeed,A400667
C3534,R2004,2025-06-30,LinkedIn,A400668
C3535,R2033,2025-06-10,LinkedIn,A400669
C3536,R2016,2025-08-15,Indeed,A400670
C3537,R2012,2025-10-31,Company Website,A400671
C3537,R2018,2025-09-09,Recruiter,A400672
C3538,R2022,2025-06-10,Referral,A400673
C3539,R2044,2025-05-22,Company Website,A400674
C3540,R2003,2025-11-26,LinkedIn,A400675
C3540,R2013,2025-09-25,LinkedIn,A400676
C3541,R2019,2025-11-07,Company Website,A400677
C3541,R2030,2025-11-01,Recruiter,A400678
C3542,R2021,2025-12-08,Recruiter,A400679
C3542,R2039,2025-07-29,Referral,A400680
C3543,R2012,2025-11-10,Recruiter,A400681
C3544,R2016,2025-06-12,Referral,A400682
C3545,R2003,2025-06-09,Company Website,A400683
C3546,R2007,2025-08-02,Indeed,A400684
C3546,R2020,2025-11-14,Company Website,A400685
C3547,R2021,2025-10-12,Indeed,A400686
C3547,R2019,2025-10-17,Company Website,A400687
C3548,R2018,2025-12-12,Referral,A400688
C3548,R2013,2025-11-09,LinkedIn,A400689
C3549,R2022,2025-01-23,LinkedIn,A400690
C3550,R2034,2025-11-24,Company Website,A400691
C3551,R2042,2025-12-15,Recruiter,A400692
C3552,R2004,2025-08-23,LinkedIn,A400693
C3553,R2034,2025-09-20,Indeed,A400694
C3553,R2003,2025-12-14,Referral,A400695
C3554,R2020,2025-11-01,Company Website,A400696
C3554,R2011,2025-10-27,Referral,A400697
C3555,R2038,2025-03-28,Referral,A400698
C3556,R2027,2025-02-07,Indeed,A400699
C3557,R2021,2025-07-27,Company Website,A400700
C3558,R2026,2025-08-28,Indeed,A400701
C3559,R2010,2025-05-22,Company Website,A400702
C3560,R2031,2025-12-14,Referral,A400703
C3561,R2014,2025-04-20,Indeed,A400704
C3562,R2002,2025-07-31,Recruiter,A400705
C3562,R2031,2025-12-10,LinkedIn,A400706
C3563,R2039,2025-12-18,Indeed,A400707
C3563,R2032,2025-10-28,LinkedIn,A400708
C3564,R2002,2025-09-30,Indeed,A400709
C3564,R2038,2025-08-27,Recruiter,A400710
C3565,R2005,2025-10-18,Indeed,A400711
C3566,R2040,2025-10-30,LinkedIn,A400712
C3566,R2018,2025-08-31,Recruiter,A400713
C3567,R2009,2025-06-23,LinkedIn,A400714
C3568,R2029,2025-12-20,Referral,A400715
C3569,R2008,2025-09-18,LinkedIn,A400716
C3570,R2024,2025-12-12,Recruiter,A400717
C3571,R2027,2025-11-19,Recruiter,A400718
C3572,R2013,2025-12-12,Recruiter,A400719
C3573,R2022,2025-10-22,LinkedIn,A400720
C3573,R2030,2025-10-10,Company Website,A400721
C3574,R2003,2025-07-21,Recruiter,A400722
C3575,R2026,2025-03-17,Company Website,A400723
C3576,R2002,2025-03-11,Indeed,A400724
C3577,R2012,2025-12-06,Company Website,A400725
C3577,R2037,2025-11-28,Recruiter,A400726
C3578,R2006,2025-09-29,Company Website,A400727
C3578,R2040,2025-10-24,Recruiter,A400728
C3579,R2014,2025-04-29,Company Website,A400729
C3579,R2040,2025-12-06,Indeed,A400730
C3580,R2001,2025-10-12,LinkedIn,A400731
C3581,R2017,2025-05-20,Indeed,A400732
C3582,R2008,2025-09-14,LinkedIn,A400733
C3582,R2031,2025-12-14,LinkedIn,A400734
C3583,R2025,2025-10-12,Company Website,A400735
C3584,R2042,2025-09-17,Referral,A400736
C3585,R2013,2025-08-23,Indeed,A400737
C3585,R2023,2025-11-06,LinkedIn,A400738
C3586,R2032,2025-10-26,Referral,A400739
C3586,R2018,2025-09-25,Recruiter,A400740
C3587,R2038,2025-11-23,Recruiter,A400741
C3588,R2029,2025-10-08,LinkedIn,A400742
C3588,R2012,2025-12-04,Indeed,A400743
C3589,R2001,2025-12-18,Indeed,A400744
C3589,R2005,2025-08-29,Recruiter,A400745
C3590,R2040,2025-11-01,Company Website,A400746
C3590,R2043,2025-07-02,LinkedIn,A400747
C3591,R2018,2025-09-02,Company Website,A400748
C3592,R2027,2025-07-10,LinkedIn,A400749
C3593,R2026,2025-03-02,Company Website,A400750
C3594,R2009,2025-03-02,LinkedIn,A400751
C3595,R2003,2025-06-11,Recruiter,A400752
C3596,R2005,2025-05-10,Indeed,A400753
C3597,R2020,2025-09-02,Referral,A400754
C3598,R2019,2025-11-20,LinkedIn,A400755
C3598,R2010,2025-10-10,Indeed,A400756
C3599,R2022,2025-04-19,Company Website,A400757
C3599,R2023,2025-05-27,Indeed,A400758
